{"geo": ["gb | London"], "weatherdata": [{"freezing": 0.005750273822562979, "cold": 0.5449069003285871, "warm": 0.4359255202628697, "hot": 0.013417305585980284, "not_rainy": 0.9822015334063526, "lightly_rainy": 0.0002738225629791895, "very_rainy": 0.24780941949616647, "not_snowy": 0.9717962760131434, "lightly_snowy": 0.027656078860898138, "very_snowy": 0.000547645125958379, "windy": 0.5079408543263965, "low_humidity": 0.0, "medium_humidity": 0.014786418400876232, "high_humidity": 0.9852135815991238, "clear": 0.14950711938663747, "partly_cloudy": 0.3433734939759036, "cloudy": 0.5071193866374589, "geo": "gb | London", "city": "London", "country": "United Kingdom"}]}